{
    "rawData": {
        "studyId": "3160",
        "modality": "Breast",
        "stacks": [
            {
                "seriesDescription": "US",
                "stackId": "1",
                "imageIds": [
                    "wadouri://localhost:8048/instances/a1862117-6f30aebe-b104a727-59eb36c2-bf0f70c4/file"
                ],
                "seriesIndex": 0,
                "currentImageIdIndex": 0,
                "freehand": [
                    {
                        "visible": true,
                        "active": false,
                        "handles": [
                            {
                                "x": 310.31029986962193,
                                "y": 135.3787483702738,
                                "highlight": true,
                                "active": true,
                                "lines": [
                                    {
                                        "x": 312.51629726206,
                                        "y": 115.52477183833116
                                    }
                                ]
                            },
                            {
                                "x": 312.51629726206,
                                "y": 115.52477183833116,
                                "highlight": true,
                                "active": true,
                                "lines": [
                                    {
                                        "x": 313.986962190352,
                                        "y": 102.28878748370272
                                    }
                                ]
                            },
                            {
                                "x": 313.986962190352,
                                "y": 102.28878748370272,
                                "highlight": true,
                                "active": true,
                                "lines": [
                                    {
                                        "x": 319.1342894393742,
                                        "y": 93.46479791395043
                                    }
                                ]
                            },
                            {
                                "x": 319.1342894393742,
                                "y": 93.46479791395043,
                                "highlight": true,
                                "active": true,
                                "lines": [
                                    {
                                        "x": 328.6936114732725,
                                        "y": 89.78813559322032
                                    }
                                ]
                            },
                            {
                                "x": 328.6936114732725,
                                "y": 89.78813559322032,
                                "highlight": true,
                                "active": true,
                                "lines": [
                                    {
                                        "x": 348.5475880052151,
                                        "y": 91.25880052151237
                                    }
                                ]
                            },
                            {
                                "x": 348.5475880052151,
                                "y": 91.25880052151237,
                                "highlight": true,
                                "active": true,
                                "lines": [
                                    {
                                        "x": 366.93089960886573,
                                        "y": 99.34745762711864
                                    }
                                ]
                            },
                            {
                                "x": 366.93089960886573,
                                "y": 99.34745762711864,
                                "highlight": true,
                                "active": true,
                                "lines": [
                                    {
                                        "x": 381.6375488917862,
                                        "y": 111.112777053455
                                    }
                                ]
                            },
                            {
                                "x": 381.6375488917862,
                                "y": 111.112777053455,
                                "highlight": true,
                                "active": true,
                                "lines": [
                                    {
                                        "x": 386.78487614080836,
                                        "y": 122.8780964797914
                                    }
                                ]
                            },
                            {
                                "x": 386.78487614080836,
                                "y": 122.8780964797914,
                                "highlight": true,
                                "active": true,
                                "lines": [
                                    {
                                        "x": 379.43155149934813,
                                        "y": 143.46740547588004
                                    }
                                ]
                            },
                            {
                                "x": 379.43155149934813,
                                "y": 143.46740547588004,
                                "highlight": true,
                                "active": true,
                                "lines": [
                                    {
                                        "x": 364.72490221642767,
                                        "y": 151.55606258148632
                                    }
                                ]
                            },
                            {
                                "x": 364.72490221642767,
                                "y": 151.55606258148632,
                                "highlight": true,
                                "active": true,
                                "lines": [
                                    {
                                        "x": 355.90091264667535,
                                        "y": 158.1740547588005
                                    }
                                ]
                            },
                            {
                                "x": 355.90091264667535,
                                "y": 158.1740547588005,
                                "highlight": true,
                                "active": true,
                                "lines": [
                                    {
                                        "x": 336.78226857887876,
                                        "y": 147.8794002607562
                                    }
                                ]
                            },
                            {
                                "x": 336.78226857887876,
                                "y": 147.8794002607562,
                                "highlight": true,
                                "active": true,
                                "lines": [
                                    {
                                        "x": 322.0756192959583,
                                        "y": 140.52607561929597
                                    }
                                ]
                            },
                            {
                                "x": 322.0756192959583,
                                "y": 140.52607561929597,
                                "highlight": true,